,input,labels,model_output,diff_test
0,"tensor([[[2.7779e-01, 4.4763e-01, 1.4362e-03,  ..., 2.2056e+00,
          1.9882e+00, 1.4391e+00],
         [2.7779e-01, 4.4763e-01, 1.4362e-03,  ..., 2.2174e+00,
          1.9982e+00, 1.4595e+00],
         [2.7779e-01, 4.4763e-01, 1.4362e-03,  ..., 2.2292e+00,
          2.0076e+00, 1.4798e+00],
         ...,
         [2.7367e-02, 2.7798e-01, 1.1653e-01,  ..., 1.7088e+00,
          1.6657e+00, 1.1371e+00],
         [2.7367e-02, 2.7798e-01, 1.1653e-01,  ..., 1.7153e+00,
          1.6713e+00, 1.1480e+00],
         [2.7367e-02, 2.7798e-01, 1.1653e-01,  ..., 1.7218e+00,
          1.6770e+00, 1.1585e+00]]])","tensor([[[2.7779e-01, 4.4763e-01, 1.4362e-03,  ..., 2.2056e+00,
          1.9882e+00, 1.4391e+00],
         [2.7779e-01, 4.4763e-01, 1.4362e-03,  ..., 2.2174e+00,
          1.9982e+00, 1.4595e+00],
         [2.7779e-01, 4.4763e-01, 1.4362e-03,  ..., 2.2292e+00,
          2.0076e+00, 1.4798e+00],
         ...,
         [2.7367e-02, 2.7798e-01, 1.1653e-01,  ..., 1.7088e+00,
          1.6657e+00, 1.1371e+00],
         [2.7367e-02, 2.7798e-01, 1.1653e-01,  ..., 1.7153e+00,
          1.6713e+00, 1.1480e+00],
         [2.7367e-02, 2.7798e-01, 1.1653e-01,  ..., 1.7218e+00,
          1.6770e+00, 1.1585e+00]]])","tensor([[[2.7782e-01, 4.4806e-01, 1.5609e-03,  ..., 2.2058e+00,
          1.9876e+00, 1.4391e+00],
         [2.7782e-01, 4.4806e-01, 1.5609e-03,  ..., 2.2176e+00,
          1.9976e+00, 1.4595e+00],
         [2.7782e-01, 4.4806e-01, 1.5609e-03,  ..., 2.2294e+00,
          2.0070e+00, 1.4798e+00],
         ...,
         [2.7662e-02, 2.7820e-01, 1.1637e-01,  ..., 1.7094e+00,
          1.6659e+00, 1.1374e+00],
         [2.7662e-02, 2.7820e-01, 1.1637e-01,  ..., 1.7159e+00,
          1.6715e+00, 1.1483e+00],
         [2.7662e-02, 2.7820e-01, 1.1637e-01,  ..., 1.7224e+00,
          1.6771e+00, 1.1588e+00]]], grad_fn=<AddBackward0>)","tensor([[[-2.7359e-05, -4.3607e-04, -1.2472e-04,  ..., -2.0838e-04,
           5.9855e-04,  3.3379e-06],
         [-2.7359e-05, -4.3607e-04, -1.2472e-04,  ..., -2.0838e-04,
           5.9855e-04,  3.3379e-06],
         [-2.7359e-05, -4.3607e-04, -1.2472e-04,  ..., -2.0838e-04,
           5.9867e-04,  3.3379e-06],
         ...,
         [-2.9475e-04, -2.2241e-04,  1.5859e-04,  ..., -5.9450e-04,
          -1.5366e-04, -3.0673e-04],
         [-2.9475e-04, -2.2241e-04,  1.5859e-04,  ..., -5.9450e-04,
          -1.5366e-04, -3.0673e-04],
         [-2.9475e-04, -2.2241e-04,  1.5859e-04,  ..., -5.9450e-04,
          -1.5366e-04, -3.0673e-04]]], grad_fn=<SubBackward0>)"
